[

    {
    "Imag": "",
    "nat":"新葫芦兄弟",
    "Titl": "《新葫芦兄弟（送魔蛇无限开箱）》bt手游主界面系统介绍",
    "conten": "哈喽~大家期待已久的《新葫芦兄弟》终于来啦！今天为大家介绍一下我们的主要系统~大家要认真做笔记哦！神庙点击主界面中的神庙即可打开伙伴召唤界面；在此界面选择单次召唤或十次召唤并消耗召灵签或元宝/友情点，可召唤伙伴；点击界面内左上方的问号，可查看奖池内每个品质的召唤概率。召唤满80次，即可使用积分进行特殊召唤，且必出橙色伙伴。祭坛点击主界面中内的伙祭坛按钮，即可打开伙伴升品，伙伴遣散，伙伴回退的界面。法宝点击场景内的法宝建筑，即可进入法宝合成界面，可选择需要合成的法宝品质，并在相应的槽位上选择需要消耗的低品质法宝即可合成选择品质的法宝。公会在该界面内，可查看他人已创建的公会信息，也可自行创建公会，或选择其他公会申请加入。邮件查看相关邮件信息，并可一键领取邮件内的奖励道具与一键删除已阅读的邮件。神兽点击主界面内的神兽按钮，即可打开神兽界面，可查看神兽的相关信息与激活条件。聊天、好友、排行榜、任务聊天：分为多个频道，玩家可以选择不同频道与其他玩家进行交流，分别有：本服、公会、私聊、战区、大区等~好友：查看好友信息、申请列表、添加好友与互赠好友点。排行榜：查看相应的排行榜信息。任务：打开任务界面",
    "time": "2023-12-30 11:11:23",
    },{
    "Imag": " ",
    "nat":"冒险佣兵团",
    "Titl": "《冒险佣兵团（神魔三国0.1折）》公益服手游游戏攻略",
    "conten": "最主要的必须先领超值的好评礼包（648元真充礼包，直接拿着直接花），完成这个任务，靠着开局送的福利完全可以到中期都没问题了。比较适合我们这边白嫖党，可花时间慢慢玩。1.游戏怎么样升级快？前面跟着闯关任务指引做，如果想升级快点，把必须用到的一些特权都开了，比较特权也不贵，而且相当实用，微氪即可。可以平稳跟着主线任务走到后期2.因为开服比较多优惠折扣活动，建议尽快参与可以获得相当不错的收益和壮大我们的队伍。3.大佬神壕请无视，直接全部拉满，直接霸服。",
    "time": "2023-11-29 21:18:12",
    },{
    "Imag": "",
    "Titl": "《女神保卫战（0.1折女神学院）》公益服游戏攻略",
    "nat":"女神保卫战",
    "conten": "卡牌品级：B、N、R、SR、SSR、UR卡牌升星：本体+同阵营+任意阵营阵容推荐：初期优先推荐前三系（沧澜/水、离火/火、暗影/暗），获取较为容易，因为没有同阵营羁绊加成，后期可慢慢换永恒系/光。前期获得什么用什么，首充礼包有SSR卡和材料，初期推关很简单，尽快提升自己的角色等级来增加英雄等级上限，养一个主力后排(游侠、法师)前排两个勇者，再搭一个祭司，基本阵容就有了，后面就是慢慢收集高阶卡进行养成、替换。装备/神器可以通过锻造室合成变成更高阶的，慢慢存副本是材料的主要来源，记得每天要打，其他的看个人追求决定是否参与",
    "time": "2023-11-29 17:04:39",
    },{
    "Imag": "",
    "Titl": "《钻石星语（0.1折开宗立派）》公益服手游新手攻略",
    "nat":"钻石星语",
    "conten": "《钻石星语（0.1折开宗立派）》前期养成攻略（一）前期玩法介绍及推荐养成方法1..探险玩法及属性介绍刚进入游戏根据指引完成探险，并且上阵招募到的侠客弟子派系（分为：掌法、手法、指法、拳法、剑法、刀法、短兵、长兵、爪法、奇门、暗器、乐器、毒攻），而侠客弟子品质分为：高手、大侠、名宿、豪杰、武尊、武宗、武王、武皇、武帝（越往后品质越好）。在招募时可以根据图上的箭头标识，来选择招募还是选择原有的侠客弟子（PS：选择后另外一个会进行自动遣散）。侠客弟子具有基本属性和特殊属性（名宿品质及以上才有）两列，前期更推荐先将基础属性提高（前期特殊属性的加成并不会很高，增加基本数值才是王道）而侠客弟子也分为不同的品质，更推荐玩家在前期将一定的资源（建议可以投入一半左右的资源）先投入游历等级进行升级，游历等级越高可以产出的侠客弟子品质也就越好，获取更好侠客弟子的品质概率也会提高。（玩家还可以在睡觉前让铁匠铺进入升级状态，最大化利用资源） 每次游历都会在阵容下方的经验条增加一定的经验值，这里属于角色的等级，等级越高游历出的侠客弟子的各项属性也就越好。还有门派晋升也是与侠客弟子弟子属性挂钩 2.其他玩法、养成及",
    "time": "2023-11-29 16:33:22",
    },{
    "Imag": " ",
    "Titl": "《忍者时刻（保真0.1折爽充）》公益服手游新手攻略",
    "nat":"忍者时刻",
    "conten": "忍者时刻（保真0.1折爽充）新手攻略前期主要是跟着主线任务推进，开启更多的系统来提升战力，新手过程会赠送十连抽，完成主线任务也可以获得招募券和体力，可以极大程度提升阵容深度和升级速度！培养英雄：前期十连抽必得稀有英雄，极限单卡得养成方式有利于推关速度，起步遥遥领先于其它玩家前期付费：基于0.1折游戏得基础上，首充、特权卡等高性价比得活动通通购买，大大提升自身战力，更容易通关副本大R玩家可以选择购买礼包等方式获得更大的提升，获得自己喜欢的忍者组合！！",
    "time": "2023-11-29 15:55:04",
    },{
    "Imag": "",
    "Titl": "《魔力契约（科技无限刷充）》公益服手游职业介绍攻略",
    "nat":"魔力契约",
    "conten": "《魔力契约》是一款都市幻想MMO手游，百变个性外形，多样养成策略，酷炫座驾跑车，畅享热血战斗，体验异能者的都市传说！《魔力契约》中什么职业最厉害？不同职业有什么不同？下面让我来为大家讲解吧！【执行者】为解决世界范围内的神秘事件而展开特别调查，具有训练有素的进展能力。以科幻剑作为武器，用酷炫的剑技将魔物瞬间秒杀。【千姬】穿梭于摩登都市中的女特工，擅长利用特质武器——千姬伞进行范围攻击，攻击范围大，群攻能力强。【狙击】有暗影猎人之称。擅长使用中远程杀伤武器，通过完成雇主的搞难度任务来获得高额赏金的杀手【铁拳】一对铁拳令敌人闻风丧胆。独来独往的赏金猎人。在危险的战场上时常能看到他的身影",
    "time": "2023-11-29 15:30:15",
    },{
    "Imag": "",
    "Titl": "《机械起源（0.1折登录送首充）》公益手游玩法攻略",
    "nat":"机械起源",
    "conten": "机械起源-玩法攻略战甲篇：机械起源中的战甲种类比较多，每个战甲自带的技能都有所不同，战甲的功能比较强大，可以与玩家所使用的角色进行合体使用合体技能，下面就来为大家介绍一下战甲的获取方式获取方式流星：可以通过在战甲召唤中使用战甲召唤卷或钻石进行召唤获得也可以通过赛博竞技场中获得碎片集齐50个碎片可以激活战甲零度雪人：可以通过在战甲召唤中使用战甲召唤卷或钻石进行召唤获得红莲枪骑：可以通过在战甲召唤中使用战甲召唤卷或钻石进行召唤获得猎杀者：可以通过在战甲召唤中使用战甲召唤卷或钻石进行召唤获得破晓：完成一阶转职任务获得也可以通过赛博竞技场中获得碎片集齐50个碎片可以激活战甲随着玩家的转生等级提高，可以将更多的战甲上阵，巴别塔爬到相应层数也可以增加战甲的助战位置随着玩家为自己上阵的战甲升到相应等级可以解锁更多的合体技能战甲羁绊：三个阵营的战甲有着互相克制的体系，例：诺亚安保阵营克制泰拉贸易阵容，泰拉贸易阵容克制原点速递阵容，原点速递阵容克制诺亚安保阵容，随着上阵的战甲数量越多，角色增加的伤害就越多，战甲之间也有着羁绊属性的加成后续也可以通过为战甲穿戴装备进一步提升战甲的战力加成。合体技能分析：战",
    "time": "2023-11-29 11:54:18",
    },{
    "Imag": "",
    "Titl": "《王者英雄之枪战传奇（送AWP打僵尸0.1折）》手游盒子游戏攻略之高科技防具系统解析",
    "nat":"王者英雄之枪战传奇",
    "conten": "无论是有多少增强战力的玩法，最基础的还是防具！这就和人要穿衣服是一个道理！《王者英雄之枪战传奇》防具系统全方位科普，同学们，考点啊！要记住啊！首先，不要羡慕我的防具已经是最高品质了。防具最开始是通过任务和PVE等方式获得的，低级装备，然后随着人物等级的提升，防具也要相应的提升。强化需要金币，之前就说过《王者英雄之枪战传奇》中金币很好获得。所以，人物提升一级时，防具最好跟着升级。防具和枪械一样，也需要升星，升星后会增加血量和护甲属性。升星需要的材料，可以通过个人远征玩法获得。最后一步，镶嵌。就是给防具镶嵌属性芯片，使防具Buff加成更多~但是，镶嵌根据防具的星级，有的镶嵌需要防具达到一定的星级才可以。升星后的防具，就可以镶嵌了。镶嵌不是随便镶嵌的，根据人物的定位来的，芯片不同的属性要搞清楚好了，今天的《王者英雄之枪战传奇》科普课程到这里，下节课见！",
    "time": "2023-11-29 11:23:44",
    },{
    "Imag": "https://static.app.985sy.com/admin-fast-system/gamedata/20231128/banner/banner52f9187bf6385d6991d0e0789088bbb11701167139.jpg",
    "Titl": "《天地诸神（撸充0.1折暴揍策划）》游盒子游戏攻略之充值兑换",
    "nat":"天地诸神",
    "conten": "充值兑换击杀野怪掉落充值卡碎片，超值返利免费派送，最高可兑换千元充值卡，不肝不氪，福利好游无压力",
    "time": "2023-11-28 19:04:37",
    },{
    "Imag": "",
    "Titl": "《仙岛大乱斗（0.1折凡人修仙）》变态版手游游戏攻略",
    "conten": "大乘期属性详解新晋大乘期初二630关卡，灵界基本算通，3分钟单打困兽无压力，直说干货，如图所示，标注了重点属性，（主水系分析）现在告诉大家如何成本最低获得属性，及属性由来，暴击值：嫦娥暴击值+金玄石的暴击值闪避：玄石火闪避甲，加上女魁的闪避命中：水玄石命中，蓝色藏宝命中。召唤属性：木玄石召唤，蓝色藏宝召唤玄石选择：个人建议不要血量，木灵根玄石，水灵根玄石优先，其余灵根石也要上，水伤玄石，水抗玄石（因为水系，所以怕土攻击，所以木灵根优先提高土抗）水抗因为大家主流水，所以打架水抗高的牛土抗性，是因为大多为水系技能，在关卡中被土系攻击伤害大，但是不太明显，所以用木灵根直接代替土抗玄石更实际一些，毕竟灵根有攻有抗藏品紫色里面有个觉醒+水攻和觉醒+水灵根的提倡优先",
    "time": "2023-11-28 15:55:47",
    },{
    "Imag": " ",
    "Titl": "《一剑倾城》手游公益服游戏攻略",
    "nat":"《一剑倾城》",
    "conten": "《一剑倾城》称号系统介绍在仙侠世界中行走，想必大家都希望有个炫酷的称号。今天为大家介绍下游戏内的称号系统，首先称号系统在游戏主界面点击“角色”后进入下面这个界面。称号系统不仅能为角色提供炫丽外观，还能加成角色属性，不同称号的属性累计叠加，玩家根据喜好选择任意一个已激活的称号穿戴即可。游戏内已上线了大量的有趣的称号内容，赶快到游戏内去探索吧~《一剑倾城》角色快速升级技巧在游戏中，等级虽然不能完全决定战斗的胜负，但每升1级都会得到角色属性的提升，达到一定等级还能开启更高级的玩法内容，今天就给大家介绍下游戏内的角色升级途径。一、完成主线任务快速升级游戏初期可根据游戏页面下方的任务系统，完成任务获取经验升级，前期任务不仅能帮助角色快速升级，还能引领玩家快速熟悉游戏内容和玩法哦~二、闯关获得更高的挂机经验游戏内的关卡系统作为主线内容可为玩家提供大量的角色经验和银两收益，每闯1关，相应收益都会得到提升，闯关后，即便玩家不在线也可以获得离线挂机收益，关卡数越高，收益就越高，所以前期快速闯过更高的关卡数吧~三、快速挂机即可获得海量经验玩家每天都有3次快速挂机机会，通过快速挂机可立刻获得8小时的挂机收益",
    "time": "2023-11-28 10:58:50",
    },

    {
    "Imag": " ",
    "Titl": "真实竞技 《决胜足球》多元社交玩法全扫描",
    "nat":"决胜足球",
    "conten": "足球起源于中国古代战国时期，当时名为“蹴鞠”，也难怪2018年据Nielsensport机构统计：中国约有1.87亿人是足球迷。这意味着平均每7.4个中国人，就有一个是喜欢足球的。而《决胜足球》，正是一款专为广大球迷玩家打造的新一代足球模拟经营手游，让你足不出户，也能争霸绿茵赛场。\n《决胜足球》是由咸鱼游戏和哈里奥工作室联合研发，并由咸鱼游戏自主发行的一款新一代足球模拟经营手游，获得FIFPro（国际职业球员联盟）官方正版授权。在上一篇文章中，小编简单介绍了该游戏的特色；今天，小编将为大家带来更多《决胜足球》的干货内容~\n前面小编也提到过，《决胜足球》是一款新一代的足球模拟经营手游，而这“经营”二字则体现在培养玩家自己的球队和球员身上。在《决胜足球》中，玩家可以根据自己队伍的情况来培养不同的球员，每个球员都有自己的潜力评价，通过消耗球员本身碎片，可以为球员升星。而在培养的过程中，玩家还可以了解球星的事迹，有哪些辉煌成就，在升级到指定等级以后，还可以赋予球员们不同编号的球衣。小编认为，《决胜足球》通过这些微小的细节，更加丰满了游戏体验，让玩家脱离了单一的手游模式，极大的提高了玩家培养球队的兴趣和满足感。\n《决胜足球》中，根据新球队的成长轨迹，以地域国家为划分，设计了球队的成长之路副本。玩家可以通过从小赛区迎战而上，慢慢累积球队的声望和名气，当然也少不了用于强化球员的道具掉落。除此之外，主线剧情则是以球队联赛为展现，给予了玩家更广阔的绿茵赛场！\n好不容易培养起一支球队，当然要和其他人赛几场，才知道自己有多优（cai）秀（ji）。《决胜足球》目前为玩家们提供了“排位赛”和“天梯赛”两种PVP模式，100%的真实玩家，实时匹配的线上对决。拿出你最满意的球队阵容，和其他玩家来一场绿茵赛场上的龙争虎斗吧~在《决胜足球》中，你还会经遇到各种各样的随机事件，比如“前一天喝醉了，露宿街头被娱记拍到”，“在赛场上被黑哨冤枉罚红牌”等等，各种多元化的社交性元素，极大的提升了玩家的真实感受。这也让小编不得不感叹“简直就是足球版的‘模拟人生’啊！”",
    "time": "2023-11-28 10:58:50",
    },
    {
    "Imag": "",
    "Titl": "公测开启！牢式放置RPG《魔狩争霸》",
    "nat":"魔狩争霸",
    "conten": "《魔狩争霸》将于2019年8月15日开启全面不删档公测！\n一、        前言\n《魔狩争霸》是一款魔幻风格的地牢式放置RPG游戏，以异界魔幻为背景，融合了轻度策略战斗和趣味生态冒险。\n二、        游戏背景\n在特莱泽斯这片大陆上，孕育着信仰光明神的人族，信仰兽神的兽人族，以及信仰生命女神的精灵族和信仰死亡之神的不死族。\n各族为了扩大领土纷争不断，直到大陆西部无底深渊的黑暗神的力量爆发，弑杀成瘾的他们危害着整片大陆。\n四大种族为抵抗黑暗势力团结一致，但却在战争中节节败退。被黑暗势力侵蚀的世界急需一个代表光明力量的勇者来解救族民们逐渐灰暗的内心。\n而面对后继衍生出现的神与魔两大种族，到底他们是世界委派来的解救者还是破坏者？这一切都需要冒险家们去解答！",
    "time": "2023-11-28 10:32:50",
    },
    {
    "Imag": "",
    "Titl": "《恋世界》新玩法频出 “皇家俏厨娘2”带你体验食神之路",
    "nat":"恋世界",
    "conten": "由柠檬草研发、咸鱼游戏发行的多题材恋爱互动游戏《恋世界》，最新剧情“皇家俏厨娘2”今日火热上线！\n该故事讲述了本是二十一世纪厨神世家的千金大小姐穿越到以食为美的古代，成为落魄御厨的后人，因机缘巧合结识七皇子凤青毓，在凤青毓的举荐之下进入宏陌学院进修，以现代美食知识征服了一众古代人，进而踏上食神争斗的故事。\n女主穿越到未知朝代，以自身超高厨艺获得安王青睐，从而进入类似于古代新东方的宏陌学院深造，却也因独树一帜的厨艺风格而引得各方人马注意，被迫卷入朝堂纷争，最终踏上食神之路。女主女扮男装混迹在未知时代，与几大男主上演令人啼笑皆非的故事，轻松诙谐的基调更能被大众所接受。\n以美食为时代背景，结合穿越、美食、宫斗等多元素，展现出不一样的架空朝代。加入美食系统，通过做菜小游戏，让玩家切身体会到做菜的乐趣。玩家在整个游戏过程中除了每个男主的好感度外，还会有自身的厨艺判定值，每一次小游戏的选择都会对所做的菜进行厨艺判定，最终厨艺值可兑换不同称号，最高称号为食神。游戏中加入美食小游戏，玩家会面临挑选食材的选择，从而做出不同的菜，增强游戏的乐趣。",
    "time": "2023-11-28 10:32:50",
    },
    
    
    
    
    

]
