[
    {
    "Imag": "100",
    "nat":" 泡泡堂",
    "Titl": " 泡泡堂游戏攻略",
    "conten": "熟悉地图：在泡泡堂游戏中，地图是非常重要的元素。玩家需要熟悉不同地图的特点和布局，根据地图制定相应的游戏策略。\n道具使用：在游戏中，道具也是非常重要的元素。玩家需要根据游戏进程和自身需求，灵活使用各种道具，以达到更好的游戏效果。\n观察局势：玩家需要时刻关注游戏中的局势，包括敌人的位置、队友的状态以及游戏进程等。根据局势变化，及时调整自己的策略和行动方案，以保持自身的优势和取得更好的游戏效果。\n练习操作技巧：在泡泡堂游戏中，操作技巧也是非常重要的。玩家需要通过不断的练习，提高自己的操作水平，包括角色移动、方向控制、攻击和防御等。这些操作技巧不仅可以提高玩家的游戏水平，还可以帮助玩家更好地应对游戏中的各种情况。\n与队友配合：在泡泡堂游戏中，与队友配合默契也是非常重要的。玩家需要时刻关注队友的状态和位置，与队友保持紧密的联系和配合。只有通过默契的配合，才能更好地发挥团队的优势，取得更好的游戏效果。\n获取道具：在游戏中，有些道具可以增强玩家的攻击力、防御力或移动速度等。玩家可以通过做任务、充值购买或与好友交换等方式获取这些道具，以提高自身的战斗力。",
    "time": "2023-11-30 14:22:31",
    },
    {
    "Imag": "100",
    "nat":"模拟城市",
    "Titl": "《模拟城市：我是市长》五个技巧玩转市长竞赛",
    "conten": "《模拟城市：我是市长》的市长竞赛已经正式开启了，要想在99位竞争者的包夹下取得够高的联赛排名，玩家就要挑选合适的联赛任务，尽可能多的收集水晶点数。这里就为玩家解析玩转市长竞赛的五个技巧。\n提前生产需要的物品\n在做“生产并收集物品”的市长竞赛任务时，要注意一定得从工厂或商店获取物品。如果对应的任务物品已经躺在了仓库里，或是从别处买来的，将不纳入计算。如果要节约任务时间的话，可以在“开始”任务前生产物品，待“开始”任务后再收集物品。\n《模拟城市：我是市长》五个技巧玩转市长竞赛\n看清运输任务的目的地\n在做和空运有关的市长竞赛任务时，一定要看清楚送货的目的地！不然，等下班飞机到来时，你可能就要超过任务时限了。要尽快完成任务，玩家可以先筹集道具，再“开始”竞赛任务，完成空运。\n《模拟城市：我是市长》五个技巧玩转市长竞赛\n少做升级住宅的任务\n一般来说，升级住宅的市长竞赛任务给的水晶点数都比较少(偶尔也有例外)，而且升级住宅还有可能提升城市等级，让一些更难生产的物品出现在你的任务列中。所以在有其他更好的任务可选的时候，不建议做升级住宅的任务。而若你决定“开始”这类任务的话，务必看清楚任务要求升级的是哪类建筑。\n多收集V博士塔的道具\n和V博士有关的任务一般都比较棘手，毕竟要修复灾区，玩家得先释放灾难毁坏住宅。也因此，这类任务的时限和奖励的水晶点数都比较多。而若玩家平时注意积攒开启灾难的道具，关键时刻就不用发愁了。\n量力而行地挑选任务\n想要多拿水晶点数的玩家，就要尽力达成困难的任务。不过，凡事还要量力而行，如果觉得自己没有能力完成某个任务，不论任务给的水晶点数有多少，都不要贸然领取！毕竟，每周可领取的任务数量有限。\n最后，由EA开发，蜂巢游戏负责在国内发行的《模拟城市：我是市长》最新中国版本已经推出，请搜索“模拟城市 我是市长”下载游戏，体验游戏的魅力吧！",
    "time": "2023-11-29 12:14:31",
    },
    {
    "Imag": "100",
    "Titl": "《斗仙传奇》如何快速升级",
    "nat":"斗仙传奇",
    "conten": "等级对于游戏来说非常重要，等级上不去，游戏的战力就跟不上，所以如何快速升级呢？\n日常的任务是一定要完成的，一天中加经验的的活动有两次温泉活动，两次双倍护送活动，一次五倍杀怪。这五个活动做完等级升的很快。\n午间温泉：12:00-12:30\n双倍护送：15:30-16:00\n晚间温泉：18:00-18:30\n双倍护送：18:30-19:00\n五倍杀怪：22:30-23:59\n可以在做这五个活动时，用一张双倍经验卡，可以让经验加的更快。\n去当你要离线的时候，最好算一下离下一次上线要多长时间，然后在主页面中的离线挂机用轮回丹（一颗轮回丹为一个小时），等下次上线的时候就可以领取离线经验，还有别的一些进阶丹。\n如何快速升级\n在跨服副本中，一天可以刷50次。",
    "time": "2023-11-28 11:32:31",
    },
    {
        "Imag": "100",
        "nat":"烽火戏诸侯",
        "Titl": "力压群雄！《烽火戏诸侯》武将成长之路！",
        "conten": "武将的成长体系也是《烽火戏诸侯》中的亮点之一，能够将一名武将培养成一名神将所带来的成就感，也是《烽火戏诸侯》最所希冀的，在该游戏中，一个强力武将的获得往往代表着自身实力的即将提升，面对着更强大的世界，用心培养自己的武将，才能够力压群雄。\n1. 武将评级与分类：\n力压群雄！《烽火戏诸侯》武将成长之路！\n《烽火戏诸侯》中，所有武将分为力量，敏捷，智力。顾名思义，力量型武将主要是物理攻击力，一般都会担任前排吸收伤害和输出。敏捷型武将中有一部分远程武将，依然以物理攻击为主，技能中多数会存在控制技能，攻速较力量型武将较快，更容易切入战场。智力型武将以远程武将为主，多数为魔法攻击，会有强大的AOE伤害或者治疗能力，血量较低，需要前排的保护才能造成巨大伤害。\n在分级方面，共分为A—S—SS—SSS，这四级，A级为最低级武将，SSS级为最高级武将，最高级武将最难获得，但也是能力最为强大。\n2. 武将获得：\n力压群雄！《烽火戏诸侯》武将成长之路！\n整体武将获得分为四种：\n1.玩家可以在游戏内酒馆处招募武将，不同的武将招募需求也不一样。\n2.玩家可以收集碎片兑换武将，每个武将所需碎片，所需碎片获得途径也不同。\n3.特殊活动赠送玩家特殊武将，一般为S级以上武将。\n4.副本通关解锁武将。\n每种获得方式都不一样，具体如何获得其实可以四种方式同时兼顾，最大程度上尽快入手自己所喜欢的武将。\n3. 武将装备获得：\n力压群雄！《烽火戏诸侯》武将成长之路！武将可装备的个数为6个，初期装备可以通过挑战副本获得，后期装备则分为挑战高难度副本和参加特殊活动获得。当拥有了一定数量的装备后，你也可以点击一键装备，系统则会自动为你配置适合的装备，当缺少某样装备的时候，点击去获得按钮，则可以查看装备掉落副本和活动，并可以直接前往进行获得。当武将所装备个数为6个时，则可以进行进阶，进阶后可以装备更为强大的装备，越强的装备则会为武将带来更好的能力。\n4. 武将升级：力压群雄！《烽火戏诸侯》武将成长之路！武将升级需要消耗武将经验丹，每个等级对应消耗的经验丹不同，后期武将升级需要消耗大量经验丹。经验丹可以从活动与副本中获取，同时也可以参与幸运转盘活动进行获取。中后期武将的升级需要消耗的经验丹数量巨大，积极参与各种活动和副本才可以保证所喜欢的武将能够更快成长。\n5. 武将升星：力压群雄！《烽火戏诸侯》武将成长之路！武将升星则是武将加强自身的另一个重要途径，升星主要则需要消耗武将碎片，武将碎片则是通过挑战副本和活动获得，同时每点亮一个星宫还需要消耗对应银亮。升星主要目的是令武将持续不断突破自身，每点亮10座星宫则可以将武将升星，升星的武将会在各个能力方面得到巨大提升。\n6. 武将技能：力压群雄！《烽火戏诸侯》武将成长之路！每个武将有不同的三个技能，三个技能的释放条件也不同，总体来说：每个武将存在两个主动输出技能+一个特殊技能（偏被动），有些武将的主动输出技能中包含控制技能，能够为阵容带来更强的效果，而特殊技能则是武将自身的特质所在，多以被动的形式出现，特殊技能不仅可以让该武将与众不同，更是成为不同阵容搭配的核心要素。小伙伴们可以点击技能进行技能介绍查看，更加方便的了解每个武将的强力之处。",
        "time": "2023-11-22 14:11:33",
        },
    {
    "Imag": "100",
    "Titl": "传奇攻略",
    "nat":"传奇",
    "conten": "角色选择：在选择角色时，要根据自己的游戏风格和喜好进行选择。不同的角色有不同的特点和技能，要选择适合自己的角色，才能在游戏中更好地发挥。\n任务完成：在游戏中，任务是非常重要的经验来源。要尽可能多地完成各种任务，不仅可以获得大量的经验，还可以获得游戏道具和装备。\n打怪升级：打怪是传奇游戏的主要玩法之一。通过打怪可以获得大量的经验，同时还有机会获得高级装备。要注意选择合适的地图进行打怪，避免浪费时间。\n技能使用：在游戏中，技能是非常重要的战斗手段。要合理使用技能，掌握好技能的释放时机和效果，才能更好地击败敌人。\n装备获取：装备是提升战斗力的关键。要通过多种途径获取装备，如打怪掉落、任务奖励、商城购买等。要根据自己的需求进行装备选择，避免浪费金币。\n社交互动：在传奇游戏中，社交是非常重要的部分。要多加好友、参与公会等社交活动，与其他玩家交流互动，获取更多的游戏支持和帮助。",
    "time": "2023-11-11 14:32:31",
    },

]
