
[
    {
    "icon": "32",
    "Imag": "8001",
    "name": "浩爷",
    "time":"2023-12-11 02:41",
    "lev":"1",
    "com":"2",
    "zan":"2",
    "conten": "哦了",
    },
    {
    "icon": "WechatIMG1",
    "Imag": "8002",
    "name": "哈辉",
    "time":"2023-12-10 16:53",
    "lev":"0",
    "com":"0",
    "zan":"1",
    "conten": "iOS6偷摸特特特色二二二额尔",
    },
    {
        "icon": "33",
        "Imag": "8003",
        "name": "yh89986845",
        "time":"2023-10-20 13:53",
        "lev":"0",
        "com":"0",
        "zan":"1",
        "conten": "豆豆豆",
    },
    {
        "icon": "34",
        "Imag": "512",
        "name": "m2451165919846",
        "time":"2023-11-18 13:13",
        "lev":"2",
        "com":"1",
        "zan":"1",
        "conten": "要是人们也能像他们一样自由多好啊，什么都不想，不愁",
    },
    {
        "icon": "WechatIMG1",
        "Imag": "8005",
        "name": "乐正幻姯",
        "time":"2023-11-10 13:23",
        "lev":"2",
        "com":"2",
        "zan":"1",
        "conten": "无聊",
    },
    {
        "icon": "31",
        "Imag": "8004",
        "name": "m2534529471259",
        "time":"2023-11-08 13:03",
        "lev":"2",
        "com":"3",
        "zan":"1",
        "conten": "砍人送装备",
    },
    {
        "icon": "WechatIMG1",
        "Imag": "8006",
        "name": " m2451165919846",
        "time":"2023-11-01 13:23",
        "lev":"2",
        "com":"3",
        "zan":"5",
        "conten": "纯手工打造的限量版的摩托车，爽歪歪",
    },
    {
        "icon": "WechatIMG1",
        "Imag": "8008",
        "name": " m2451165919846",
        "time":"2023-11-01 11:23",
        "lev":"2",
        "com":"3",
        "zan":"5",
        "conten": "任务任务",
    },

]
